<?xml version="1.0" encoding="UTF-8"?>
<beans xmlns="http://www.springframework.org/schema/beans"
    xmlns:xsi="http://www.w3.org/2001/XMLSchema-instance"
    xsi:schemaLocation="http://www.springframework.org/schema/beans
        https://www.springframework.org/schema/beans/spring-beans.xsd">
	
	
	
   <bean id="dateFormat" class="java.text.SimpleDateFormat">
		<constructor-arg value="dd-MM-yyyy" />
	</bean>
	
    <bean name="dept" class = "com.cognizant.springlearn.bean.Depatrtment">
    <property name = "id" value="1"/>
    <property name = "name" value="test"/>
    </bean>
    
   <bean name="employeedet" class="com.cognizant.springlearn.bean.Employee">
   <property name="id" value="001"/>
   <property name="name" value="KC"/>
   <property name="salary" value="20"/>
   <property name="permanent" value="true"/>
   <property name="dateOfBirth">
	<bean factory-bean="dateFormat" factory-method="parse">
		<constructor-arg value="18-09-2002" />
	</bean>
		</property>
	
	
	<property name="department" ref="dept"/>
	<property name="skills">
            <list>
                <ref bean="skillHtml" />
                <ref bean="skillCss" />
                <ref bean="skillJs" />
            </list>
    </property>
	
</bean>	
<bean name="skillHtml" class="com.cognizant.springlearn.bean.Skill">
<property name="id" value="201"/>
<property name="name" value="C++"/>
</bean>
<bean name="skillCss" class="com.cognizant.springlearn.bean.Skill">
<property name="id" value="202"/>
<property name="name" value="JAVA"/>
</bean>
<bean name="skillJs" class="com.cognizant.springlearn.bean.Skill">
<property name="id" value="203"/>
<property name="name" value="HTML"/>
</bean>

<!--  <bean id="ski" class="java.util.ArrayList">
            <constructor-arg>
            <list>
                <ref bean="skillHtml" />
                <ref bean="skillCss" />
                <ref bean="skillJs" />
            </list>
            </constructor-arg>
     </bean>
   
    <bean name="skillHtml" class="com.cognizant.springlearn.bean.Skill>
   <property name="id" value="90">
   <property name="value" value="C++">
   </bean>
   <bean name="skillCss" class="com.cognizant.springlearn.bean.Skill>
   <property name="id" value="91">
   <property name="value" value="JAVA">
   </bean>
   <bean name="skillJs" class="com.cognizant.springlearn.bean.Skill>
   <property name="id" value="92">
   <property name="value" value=".NET">
   </bean>-->
	
</beans>